split,spearman,pearson,rmse,n
train (natural),0.8552760654415568,0.8446920110344562,0.9314303918454682,30000
HELD-OUT de novo,0.5176234085578062,0.532182334393107,1.9800957975952498,40000
